pmid,title,year,language,article_type,quality_note
21185536,Human ultraweak photon emission and the yin yang concept of Chinese medicine.,2010,eng,"Journal Article; Research Support, Non-U.S. Gov't; Review",Article type为Review/Letter/Commentary，与纳入标准矛盾
23140057,[Analysis on research projects for acupuncture and moxibustion supported by NSFC during the 11th 5-year-plan].,2012,chi,"English Abstract; Journal Article; Research Support, Non-U.S. Gov't","语言为中文，与纳入标准""英文-only""矛盾"
22322253,A review of Omics research in acupuncture: the relevance and future prospects for understanding the nature of meridians and acupoints.,2012,eng,"Journal Article; Research Support, Non-U.S. Gov't; Review",Article type为Review/Letter/Commentary，与纳入标准矛盾
31368265,"[Using bioinformatics tools to explore cellular biological mechanisms of ""Triple Energizer Acupuncture Method"" in treating senile dementia].",2019,chi,Journal Article,"语言为中文，与纳入标准""英文-only""矛盾"
30945487,"[Effect of moxibustion at ""Zusanli""(ST36) on metabolites of gastric tissue in rats with chronic atrophic gastritis based on metabonomics].",2019,chi,Journal Article,"语言为中文，与纳入标准""英文-only""矛盾"
33559419,[Effect of electroacupuncture on morphine-conditioned place preference and activation of glutamatergic neurons in the ventromedial prefrontal cortex in rats].,2021,chi,Journal Article,"语言为中文，与纳入标准""英文-only""矛盾"
34698456,[Nuclear magnetic resonance-based metabolomics revealed metabolite profiles participate in intervention effect of refined moxibustion in gastric ulcer model rats].,2021,chi,Journal Article,"语言为中文，与纳入标准""英文-only""矛盾"
35938332,[Efficacy prediction of acupuncture in treatment of moderate-to-severe allergic rhinitis based on miRNA expression profile].,2022,chi,Journal Article,"语言为中文，与纳入标准""英文-only""矛盾"
36604927,[Anti-asthma components and mechanism of Kechuanting acupoint application therapy: based on serum metabolomics and network pharmacology].,2022,chi,Randomized Controlled Trial; English Abstract; Journal Article,"语言为中文，与纳入标准""英文-only""矛盾"
37186197,"[Mechanism of acupuncture-moxibustion with ""Biao-Ben"" acupoint combination in treating irritable bowel syndrome rats by regulating serum metabolites and metabolic pathway based on TM widely targeted metabolomics method].",2023,chi,English Abstract; Journal Article,"语言为中文，与纳入标准""英文-only""矛盾"
39612392,Metabolomics as a promising technology for investigating external therapy of traditional Chinese medicine: A review.,2024,eng,Journal Article; Review,Article type为Review/Letter/Commentary，与纳入标准矛盾
39022010,Proteomics and its application in the research of acupuncture: An updated review.,2024,eng,Journal Article; Review,Article type为Review/Letter/Commentary，与纳入标准矛盾
41684902,Electroacupuncture improves depression with constipation by balancing gut microbiota in WKY rats.,2025,eng,Journal Article,2025-2026年文献激增，建议核查是否为ahead of print
41641244,From tradition to healing: the promise of acupuncture in managing chronic fatigue syndrome.,2025,eng,Journal Article; Review,2025-2026年文献激增，建议核查是否为ahead of print; Article type为Review/Letter/Commentary，与纳入标准矛盾
41503987,Acupuncture Modulates NMDAR-PP1/Calpain1-KCC2 Pathway to Ameliorate Spinal Hyperexcitability and Spastic Hemiplegia Induced by Ischemic Stroke.,2025,eng,Journal Article,2025-2026年文献激增，建议核查是否为ahead of print
41469741,Electroacupuncture ameliorates glycolipid metabolism disorder in skeletal muscle of type 2 diabetic rats via modulation of the AMPK/PGC-1α/TFAM signaling pathway.,2025,eng,Journal Article,2025-2026年文献激增，建议核查是否为ahead of print
41456647,Histone H4 lysine 12 lactylation-driven ZIP14 expression is involved in electroacupuncture therapy against cerebral ischemia/reperfusion injury in mice.,2025,eng,Journal Article,2025-2026年文献激增，建议核查是否为ahead of print
41428278,Acupuncture Upregulates hsa-miR-550a-3-5p Targeting PECAM1 To Reduce Transendothelial Migration of Inflammatory Cells and Alleviate Migraine.,2025,eng,Journal Article,2025-2026年文献激增，建议核查是否为ahead of print
41413394,Revealing the Immune and Inflammatory Mechanisms of Electroacupuncture in Male IBS Rats Through Multi-Omics Analysis.,2025,eng,Journal Article,2025-2026年文献激增，建议核查是否为ahead of print
41403573,Stimulation of High-Conductivity Points in Human Skin Reduces Biotin Levels to Modulate Intracellular Metabolism and Local Energy Production.,2025,eng,Journal Article,2025-2026年文献激增，建议核查是否为ahead of print
41399607,Electroacupuncture enhances nerve regeneration and functional recovery in a rat model of median nerve transection.,2025,eng,Journal Article,2025-2026年文献激增，建议核查是否为ahead of print
41397739,[Mechanism of core acupoints of acupuncture for polycystic ovary syndrome based on data mining and network acupuncture medicine].,2025,chi,English Abstract; Journal Article,"2025-2026年文献激增，建议核查是否为ahead of print; 语言为中文，与纳入标准""英文-only""矛盾"
41376220,Effect of acupuncture on brain microenvironment in rats with post-stroke limb spasticity based on single-cell transcriptome sequencing technology.,2025,eng,Journal Article,2025-2026年文献激增，建议核查是否为ahead of print
41363028,Decoding the Therapeutic Effects of Acupuncture in Hemorrhagic Stroke Using Single-Cell RNA Sequencing.,2025,eng,Journal Article,2025-2026年文献激增，建议核查是否为ahead of print
41357845,TLR4 Induces PANoptosis in Annulus Fibrosus Cells by Activating NLRP12 in Intervertebral Disc Degeneration.,2025,eng,Journal Article,2025-2026年文献激增，建议核查是否为ahead of print
41341723,How tapping works: physiological and psychological mechanisms in energy psychology.,2025,eng,Journal Article; Review,2025-2026年文献激增，建议核查是否为ahead of print; Article type为Review/Letter/Commentary，与纳入标准矛盾
41333194,ATAS-EMIT Activates the 5-HT/AC/cAMP Pathway to Ameliorate Insomnia in PCPA Insomniac Rats.,2025,eng,Journal Article,2025-2026年文献激增，建议核查是否为ahead of print
41310834,Neuroinflammation-informed neuroimaging-transcriptomic signatures explaining acupuncture's therapeutic effects in chronic insomnia.,2025,eng,Journal Article,2025-2026年文献激增，建议核查是否为ahead of print
41261675,Postoperative rehabilitation in a patient with Proteus syndrome following scoliosis surgery: A case report.,2025,eng,Journal Article; Case Reports,2025-2026年文献激增，建议核查是否为ahead of print
41261547,"[Effect of electroacupuncture at ""Hegu"" (LI4) and ""Taichong"" (LR3) on DNA methylation of the SLC6A4 gene promoter in the hippocampus of depressed rats].",2025,chi,English Abstract; Journal Article,"2025-2026年文献激增，建议核查是否为ahead of print; 语言为中文，与纳入标准""英文-only""矛盾"
41261028,[Mechanism of electroacupuncture in protecting sciatic nerve of diabetic rats based on transcriptomics techniques].,2025,chi,English Abstract; Journal Article,"2025-2026年文献激增，建议核查是否为ahead of print; 语言为中文，与纳入标准""英文-only""矛盾"
41250153,Acupuncture accelerates wound healing via CGRP-RAMP1-TSP1-mediated macrophage M2 polarization.,2025,eng,Journal Article,2025-2026年文献激增，建议核查是否为ahead of print
41229900,Efficacy and Potential Mechanisms of Yi-Ping Lin Circum-Knee Acupuncture in the Treatment of Knee Osteoarthritis.,2025,eng,Journal Article,2025-2026年文献激增，建议核查是否为ahead of print
41200988,The Crucial Role of Cerebellar Crus I in Electroacupuncture Pretreatment for Attenuating Myocardial Ischemia-Reperfusion Injury.,2025,eng,Journal Article,2025-2026年文献激增，建议核查是否为ahead of print
41194515,Electroacupuncture of Guanyuan (CV4) Acupoint Improved Pelvic Inflammatory Disease Pain by Inhibiting Neuroinflammation and Sympathetic Activity.,2025,eng,Journal Article,2025-2026年文献激增，建议核查是否为ahead of print
41134815,Neck pain in migraine: A narrative review and steps to correct evaluation and treatment.,2025,eng,Journal Article; Review,2025-2026年文献激增，建议核查是否为ahead of print; Article type为Review/Letter/Commentary，与纳入标准矛盾
41134133,Single-cell transcriptome sequencing for opening the blood-brain barrier through specific mode electroacupuncture stimulation.,2025,eng,Journal Article,2025-2026年文献激增，建议核查是否为ahead of print
41103513,Effects of warm needle acupuncture on behavioral pain threshold in a rat model of migraine.,2025,eng,Journal Article,2025-2026年文献激增，建议核查是否为ahead of print
41085905,Integrative Oncology Approaches Beneficial to Patients in Radiation Therapy.,2025,eng,Journal Article; Review,2025-2026年文献激增，建议核查是否为ahead of print; Article type为Review/Letter/Commentary，与纳入标准矛盾
41041343,Electroacupuncture restores intestinal mucosal barrier in IBS-D rats by modulating mast cell-derived exosomal MiR-149-5p.,2025,eng,Journal Article,2025-2026年文献激增，建议核查是否为ahead of print
41030888,Study on the Therapeutic Effect of Yu-Mu-Tiao-Shen Acupuncture on Rats with Autism Spectrum Disorder.,2025,eng,Journal Article,2025-2026年文献激增，建议核查是否为ahead of print
41007675,Electroacupuncture Relieves Fibromyalgia Pain in a Female Mouse Model by Augmenting Cannabinoid Receptor 1 Expression and Suppressing Astrocyte and Microglial Activation in Nociceptive Pathways.,2025,eng,Journal Article,2025-2026年文献激增，建议核查是否为ahead of print
40962730,[Electroacupuncture of specific acupoints of Shaoyang Meridian relieves progression of chronic migrain by down-regulating expression of P2Y12 receptor in rats].,2025,chi,English Abstract; Journal Article,"2025-2026年文献激增，建议核查是否为ahead of print; 语言为中文，与纳入标准""英文-only""矛盾"
40918406,Electroacupuncture Attenuates Hepatic Ischemia-Reperfusion Injury by Modulating the Esr1/TAK1-JNK/p38 Signaling Pathway in Rats.,2025,eng,Journal Article,2025-2026年文献激增，建议核查是否为ahead of print
40842166,Comprehensive Transcriptomic Analysis of Brain Tissues From the Infarcted Area of MCAO Rats Revealed That Acupuncture Attenuates Brain Injury via the Complement System.,2025,eng,Journal Article,2025-2026年文献激增，建议核查是否为ahead of print
40835938,Electroacupuncture stimulation improves pulmonary fibrosis by modulating ferroptosis in rats: multiscale analysis of transcriptome and proteome.,2025,eng,Journal Article,2025-2026年文献激增，建议核查是否为ahead of print
40765097,A Comprehensive Mini-Review on the Understanding of Electrotherapy for Pain Management: An Introduction to ABMMA-BMT.,2025,eng,Journal Article,2025-2026年文献激增，建议核查是否为ahead of print
40672606,Electroacupuncture attenuated cerebral ischemia injury correlated with increased glucose consumption and elevated hippocampal GLUT1/3 expression.,2025,eng,Journal Article,2025-2026年文献激增，建议核查是否为ahead of print
40660305,Acupuncture promotes muscle cells ATP metabolism in ST36 acupoint local exerting effect by activating TRPV1/CaMKII/AMPK/PGC1α signaling pathway.,2025,eng,Journal Article,2025-2026年文献激增，建议核查是否为ahead of print
40636547,Identifying Diagnostic Biomarkers for Electroacupuncture Treatment of Rheumatoid Arthritis Using Bioinformatic Analysis and Machine Learning Algorithms.,2025,eng,Journal Article,2025-2026年文献激增，建议核查是否为ahead of print
40575874,Electroacupuncture improves ischemic stroke by intervening in neurovascular remodeling via miR-210-mediated regulation of the Wnt/HIF1A/netrin-1 signaling axis.,2025,eng,Journal Article,2025-2026年文献激增，建议核查是否为ahead of print
40553254,Acupuncture as A Potential Therapeutic Approach for Tourette Syndrome: Modulation of Neurotransmitter Levels and Gut Microbiota.,2025,eng,Journal Article,2025-2026年文献激增，建议核查是否为ahead of print
40551644,[Effect of acupuncture on intracerebral mitochondrial function in mice with cerebral hemorrhage].,2025,chi,English Abstract; Journal Article,"2025-2026年文献激增，建议核查是否为ahead of print; 语言为中文，与纳入标准""英文-only""矛盾"
40535662,Electroacupuncture improves lipid metabolism via proteome and gut microbiota profiling in obese rats.,2025,eng,Journal Article,2025-2026年文献激增，建议核查是否为ahead of print
40521704,Acupuncture Potentiates anti-PD-1 Efficacy by Promoting CD5+ Dendritic Cells and T Cell-Mediated Tumor Immunity in a Mouse Model of Breast Cancer.,2025,eng,Journal Article,2025-2026年文献激增，建议核查是否为ahead of print
40518782,"[Effect of ""Zhibian"" (BL54) toward ""Shuidao"" (ST28) acupuncture on gut microbiota in mice with poor ovarian response].",2025,chi,English Abstract; Journal Article,"2025-2026年文献激增，建议核查是否为ahead of print; 语言为中文，与纳入标准""英文-only""矛盾"
40506009,Investigating acupuncture therapy in depression: mechanisms of synaptic plasticity regulation.,2025,eng,Journal Article; Review,2025-2026年文献激增，建议核查是否为ahead of print; Article type为Review/Letter/Commentary，与纳入标准矛盾
40385020,Silver needle thermal conduction therapy relieves pain in rats with myofascial pain syndrome.,2025,eng,Journal Article,2025-2026年文献激增，建议核查是否为ahead of print
40380290,Electroacupuncture at ST25 mediated glial cells pruning of pancreatic TRPV1 neural synapse responds to neuropathy-associated beta cell dysfunction.,2025,eng,Journal Article,2025-2026年文献激增，建议核查是否为ahead of print
40378325,Migraine Headache Prophylaxis.,2025,eng,Journal Article; Review,2025-2026年文献激增，建议核查是否为ahead of print; Article type为Review/Letter/Commentary，与纳入标准矛盾
40377967,Effects of electroacupuncture on neural function and the expression of inflammation-related proteins NLRP3/caspase-1 in rats with ischemic stroke.,2025,eng,Journal Article,2025-2026年文献激增，建议核查是否为ahead of print
40369923,[Effects of electroacupuncture at changbing fang on autophagy of colonic cells and gut microbiota in ulcerative colitis of rats].,2025,chi,English Abstract; Journal Article,"2025-2026年文献激增，建议核查是否为ahead of print; 语言为中文，与纳入标准""英文-only""矛盾"
40369922,"[Regulatory effect of electroacupuncture at ""Neiguan"" (PC6) on mitochondrial autophagy during the ischemia and reperfusion phases in rats with myocardial ischemia-reperfusion injury].",2025,chi,English Abstract; Journal Article,"2025-2026年文献激增，建议核查是否为ahead of print; 语言为中文，与纳入标准""英文-only""矛盾"
40350764,Electroacupuncture attenuates bone erosion and promotes macrophage polarization in a mouse model of collagen-induced arthritis.,2025,eng,Journal Article,2025-2026年文献激增，建议核查是否为ahead of print
40307905,Whole-transcriptome sequencing reveals the effects of acupuncture on early embryos post-IVF-ET in poor ovarian response.,2025,eng,Journal Article,2025-2026年文献激增，建议核查是否为ahead of print
40262934,[Mechanisms of acupuncture in inhibition of ferroptosis in intracerebral hemorrhage mice based on RNA m6A methylation sequencing].,2025,chi,English Abstract; Journal Article,"2025-2026年文献激增，建议核查是否为ahead of print; 语言为中文，与纳入标准""英文-only""矛盾"
40244210,"Parkinson's Disease: The Neurodegenerative Enigma Under the ""Undercurrent"" of Endoplasmic Reticulum Stress.",2025,eng,Journal Article; Review,2025-2026年文献激增，建议核查是否为ahead of print; Article type为Review/Letter/Commentary，与纳入标准矛盾
40229158,[Effect of acupuncture on early embryos in poor ovarian response mice based on transcriptome sequencing].,2025,chi,English Abstract; Journal Article,"2025-2026年文献激增，建议核查是否为ahead of print; 语言为中文，与纳入标准""英文-only""矛盾"
40222111,Electroacupuncture alleviates diesel exhaust particles-induced inflammatory response in lung through dopamine inhibition of NLRP3 signaling pathway.,2025,eng,Journal Article,2025-2026年文献激增，建议核查是否为ahead of print
40192221,Alterations of circulating exosomal microRNAs in an LPS-induced depression model of male mice: Potential role in the anti-depressive effects of acupuncture.,2025,eng,Journal Article,2025-2026年文献激增，建议核查是否为ahead of print
40189641,Investigation of Ferroptosis Mechanisms in Ischemic Stroke Treated with Electroacupuncture: Focusing on the NCOA4-FTH1 Signaling Pathway.,2025,eng,Journal Article,2025-2026年文献激增，建议核查是否为ahead of print
40144797,Acupuncture ameliorates inflammation by regulating gut microbiota in acute ischemic stroke.,2025,eng,Journal Article,2025-2026年文献激增，建议核查是否为ahead of print
40130647,Acupuncture regulates α-synuclein expression via serping1 in an MPTP-induced mouse model of Parkinsonism.,2025,eng,Journal Article,2025-2026年文献激增，建议核查是否为ahead of print
40109665,Bioinformatics analysis of electroacupuncture treatment for ischemic stroke: exploring transcriptional regulatory mechanisms mediated by super-enhancers.,2025,eng,Journal Article,2025-2026年文献激增，建议核查是否为ahead of print
40103388,[Research progress of the anti-aging effect mechanism of acupuncture and moxibustion in recent ten years].,2025,chi,Journal Article; Review; English Abstract,"2025-2026年文献激增，建议核查是否为ahead of print; Article type为Review/Letter/Commentary，与纳入标准矛盾; 语言为中文，与纳入标准""英文-only""矛盾"
40093956,Transcriptomic Insights Into Electroacupuncture Using Different Acupoint Combinations to Repair Mucosal Inflammatory Injury Induced in a Rat Model of Gastric Ulcer.,2025,eng,Journal Article,2025-2026年文献激增，建议核查是否为ahead of print
40069035,Therapeutic components of acupuncture stimulation based on characteristics of sensory nerve and nervous signaling pathway.,2025,eng,"Journal Article; Review; Research Support, Non-U.S. Gov't",2025-2026年文献激增，建议核查是否为ahead of print; Article type为Review/Letter/Commentary，与纳入标准矛盾
40518785,[Effects of point-moxibustion with Zhuang medicinal thread on pain sensitization and FcεRI pathway in rats with postherpetic neuralgia].,2025,chi,English Abstract; Journal Article,"2025-2026年文献激增，建议核查是否为ahead of print; 语言为中文，与纳入标准""英文-only""矛盾"
39503930,Analysis of key pathways and genes in nodal structure on rat skin surface using gene ontology and KEGG pathway.,2025,eng,Journal Article,2025-2026年文献激增，建议核查是否为ahead of print
41693710,Electroacupuncture alleviates pain by activating the MD2/TLR4/NF-κB pathway in the ST36 acupoint.,2025,eng,Journal Article,2025-2026年文献激增，建议核查是否为ahead of print
41476742,Acupuncture and moxibustion in irritable bowel syndrome: a mechanistic exploration from heart rate variability to cardiac metabolism.,2025,eng,Journal Article,2025-2026年文献激增，建议核查是否为ahead of print
41376217,Four-dimensional data independent acquisition proteomics and metabolomics reveal mechanisms of hydrogen-rich water at Zusanli (ST36) point against triple-negative breast cancer in mice.,2025,eng,Journal Article,2025-2026年文献激增，建议核查是否为ahead of print
41246313,Microbiome and metabolomics analyses of the effect of heat-sensitive moxibustion on allergic rhinitis in rats.,2025,eng,Journal Article,2025-2026年文献激增，建议核查是否为ahead of print
41220586,Acupoint application improves IVF outcomes and rescues granulosa cell steroid metabolic dysregulation in ovarian endometriosis.,2025,eng,Journal Article; Randomized Controlled Trial,2025-2026年文献激增，建议核查是否为ahead of print
40963934,"Exploring potential mechanistic aspects of ""Biaoben acupoint"" acupuncture for lumbar disc herniation using 4D proteomics.",2025,eng,Journal Article,2025-2026年文献激增，建议核查是否为ahead of print
40763875,Hepatoprotective effects of the active extracts from Chrysanthemi Indici Flos via regulating epigenetic networks.,2025,eng,Journal Article,2025-2026年文献激增，建议核查是否为ahead of print
40563444,Proteomic Study Between Interstitial Channels Along Meridians and Adjacent Areas in Mini-Pigs.,2025,eng,"Journal Article; Research Support, Non-U.S. Gov't",2025-2026年文献激增，建议核查是否为ahead of print
39852407,Metabolics-Based Study on the Therapeutic Mechanism Behind the Effect of Shenhuang Plaster Applied to the Shenque Acupoint on Gastrointestinal Motility in POI Mice.,2025,eng,Journal Article,2025-2026年文献激增，建议核查是否为ahead of print
41799227,Bridging tradition and innovation: electroacupuncture's impact on premature ovarian insufficiency.,2025,eng,Journal Article; Review,2025-2026年文献激增，建议核查是否为ahead of print; Article type为Review/Letter/Commentary，与纳入标准矛盾
41657562,Chronic constipation and the brain-gut-microbiome axis: the role of 5-HT signaling and Traditional Chinese Medicine in pathophysiology and treatment.,2025,eng,Journal Article; Review,2025-2026年文献激增，建议核查是否为ahead of print; Article type为Review/Letter/Commentary，与纳入标准矛盾
41562509,Electroacupuncture improves diabetes-associated cognitive impairment in rats: potential involvement of hippocampal insulin receptor substrates 1/phosphatidylinositol 3-kinase/protein kinase B signaling pathway activation.,2025,eng,Journal Article,2025-2026年文献激增，建议核查是否为ahead of print
41458154,Molecular insights into Atorvastatin's role in delaying intervertebral disc degeneration.,2025,eng,Journal Article,2025-2026年文献激增，建议核查是否为ahead of print
41443916,[Effect of acupuncture on the transforming growth factor β/Smad homolog 3 signaling pathway and autophagy in obese rats].,2025,chi,English Abstract; Journal Article,"2025-2026年文献激增，建议核查是否为ahead of print; 语言为中文，与纳入标准""英文-only""矛盾"
41443912,[Tongdu Xingshen needling improves post-stroke cognitive impairment by regulating glycolysis in rats based on the HIF-1α/PDK1 pathway].,2025,chi,English Abstract; Journal Article,"2025-2026年文献激增，建议核查是否为ahead of print; 语言为中文，与纳入标准""英文-only""矛盾"
41443910,"[Effects of different intensities of electroacupuncture and manual acupuncture at ""Shangjuxu"" (ST37) on acute inflammatory visceral pain and their relationship with α7nAChR/PI3K/AKT signaling pathway].",2025,chi,English Abstract; Journal Article,"2025-2026年文献激增，建议核查是否为ahead of print; 语言为中文，与纳入标准""英文-only""矛盾"
41357185,Mechanisms of acupuncture in the treatment of type 2 diabetes mellitus: insights from the regulation of the gut microecology.,2025,eng,Journal Article; Review,2025-2026年文献激增，建议核查是否为ahead of print; Article type为Review/Letter/Commentary，与纳入标准矛盾
41278550,Single-Cell RNA Sequencing Reveals the Therapeutic Effects of Electroacupuncture at BL23 on Hyperuricemia-Induced Nephritis.,2025,eng,Journal Article,2025-2026年文献激增，建议核查是否为ahead of print
41261548,[Effect of acupuncture pretreatment on PINK1/Parkin pathway-mediated mitophagy in rats with exercise-induced muscle damage].,2025,chi,English Abstract; Journal Article,"2025-2026年文献激增，建议核查是否为ahead of print; 语言为中文，与纳入标准""英文-only""矛盾"
41261032,[Research progress on acupuncture regulation of pro-inflammatory signaling pathways in the treatment of acute lung injury].,2025,chi,Journal Article; Review; English Abstract,"2025-2026年文献激增，建议核查是否为ahead of print; Article type为Review/Letter/Commentary，与纳入标准矛盾; 语言为中文，与纳入标准""英文-only""矛盾"
41261025,[Exploration of the mechanism of acupuncture in the treatment of poor ovarian response based on the JAK2/STAT3 signaling pathway].,2025,chi,English Abstract; Journal Article,"2025-2026年文献激增，建议核查是否为ahead of print; 语言为中文，与纳入标准""英文-only""矛盾"
41204339,Mechanistic effects of percutaneous needle fasciotomy combined with stretching on early-stage skeletal muscle fibrosis in rats: focus on the TGF-β1/Smad signaling pathway.,2025,eng,Journal Article,2025-2026年文献激增，建议核查是否为ahead of print
41196433,Mechanisms of acupuncture in the treatment of dry eye disease: narrative review of experimental studies.,2025,eng,Journal Article; Review,2025-2026年文献激增，建议核查是否为ahead of print; Article type为Review/Letter/Commentary，与纳入标准矛盾
41074523,[Effect of acupuncture on chondrocyte autophagy in rats of knee osteoarthritis based on PI3K/Akt/mTOR signaling pathway].,2025,chi,English Abstract; Journal Article,"2025-2026年文献激增，建议核查是否为ahead of print; 语言为中文，与纳入标准""英文-only""矛盾"
41063208,Acupuncture improves depressive-like behaviors in CUMS rats by modulating lateral habenula synaptic plasticity via the BDNF/ERK/mTOR pathway.,2025,eng,Journal Article,2025-2026年文献激增，建议核查是否为ahead of print
41053877,Potential mechanisms of acupuncture treatment for rheumatoid arthritis: a study based on network topology and machine learning.,2025,eng,Journal Article,2025-2026年文献激增，建议核查是否为ahead of print
41050096,Electroacupuncture at Huatuo-Jiaji acupoints combined with conductive hydrogel synergistically improves bladder and motor functions after spinal cord injury.,2025,eng,Journal Article,2025-2026年文献激增，建议核查是否为ahead of print
41046250,Inhibition of P2X7 receptor in satellite glial cells contributes to electroacupuncture's analgesia in rats with CFA-induced inflammatory pain.,2025,eng,Journal Article,2025-2026年文献激增，建议核查是否为ahead of print
40962722,"[Effect of ""Tongdu Qishen"" acupuncture on pyroptosis in hippocampus and cortex of SAMP8 mice].",2025,chi,English Abstract; Journal Article,"2025-2026年文献激增，建议核查是否为ahead of print; 语言为中文，与纳入标准""英文-only""矛盾"
40954059,[Effects of Tongdu Tiaoshen acupuncture on depression-like behavior and Endophilin A1/ROS pathway in hippocampal tissue of CUMS model rats].,2025,chi,English Abstract; Journal Article,"2025-2026年文献激增，建议核查是否为ahead of print; 语言为中文，与纳入标准""英文-only""矛盾"
40854864,[The mechanism of PI3K/AKT pathway in Alzheimer's disease and the research progress of acupuncture intervention].,2025,chi,Journal Article; Review; English Abstract,"2025-2026年文献激增，建议核查是否为ahead of print; Article type为Review/Letter/Commentary，与纳入标准矛盾; 语言为中文，与纳入标准""英文-only""矛盾"
40854858,[Electroacupuncture regulates blood glucose dysregulation by up-regulating IGF1-mediated PI3K/Akt signaling pathway in mice with circadian rhythm disorder].,2025,chi,English Abstract; Journal Article,"2025-2026年文献激增，建议核查是否为ahead of print; 语言为中文，与纳入标准""英文-only""矛盾"
40848482,Regulation of mitochondrial autophagy via the PINK1/Parkin pathway to improve cognitive function in vascular dementia using governor vessel acupuncture.,2025,eng,Journal Article,2025-2026年文献激增，建议核查是否为ahead of print
40847801,Analgesic effects of electroacupuncture via the EphBs-p38 MAPK signaling pathway and microglial suppression in the chronic constriction injury rat model of neuropathic pain.,2025,eng,Journal Article,2025-2026年文献激增，建议核查是否为ahead of print
40829685,NF-κB signalling pathway in neurodegenerative diseases: Acupuncture as a potential therapeutic approach.,2025,eng,Journal Article; Review,2025-2026年文献激增，建议核查是否为ahead of print; Article type为Review/Letter/Commentary，与纳入标准矛盾
40825694,[Mechanism of acupuncture on cerebral ischemia-reperfusion injury via p53/SLC7A11/GPX4 signaling pathway in rat models].,2025,chi,English Abstract; Journal Article,"2025-2026年文献激增，建议核查是否为ahead of print; 语言为中文，与纳入标准""英文-only""矛盾"
40814716,[Research progress on the potential mechanisms and effects of the cholinergic anti-inflammatory pathway in sepsis].,2025,chi,Journal Article; Review; English Abstract,"2025-2026年文献激增，建议核查是否为ahead of print; Article type为Review/Letter/Commentary，与纳入标准矛盾; 语言为中文，与纳入标准""英文-only""矛盾"
40810225,Mechanism of electroacupuncture involve in lens-induced myopia guinea pigs by inhibiting wnt/β-catenin signaling pathway.,2025,eng,Journal Article,2025-2026年文献激增，建议核查是否为ahead of print
40801996,Electroacupuncture Protects Against Post-stroke Cognitive Impairment by Promoting an IL-33/ST2 Axis-Mediated Microglia M2 Polarization.,2025,eng,Journal Article,2025-2026年文献激增，建议核查是否为ahead of print
40779147,Fire needling acupuncture attenuates synovial inflammation and cartilage degeneration in knee osteoarthritis via SDF-1/CXCR4-mediated macrophage polarization.,2025,eng,Journal Article,2025-2026年文献激增，建议核查是否为ahead of print
41552340,Acupuncture alleviates renal edema through upregulation of renal aquaporin expression.,2025,eng,Journal Article,2025-2026年文献激增，建议核查是否为ahead of print
41454349,Electroacupuncture alleviates blood-brain barrier disruption and neuroinflammation via astrocytic MC4R in a mouse model of multiple sclerosis.,2025,eng,Journal Article,2025-2026年文献激增，建议核查是否为ahead of print
41446485,Moxibustion Regulates Amino Acid Metabolism Pathways to Improve Cartilage Damage in Knee Osteoarthritis Model Rats.,2025,eng,Journal Article,2025-2026年文献激增，建议核查是否为ahead of print
41443915,[Electroacupuncture ameliorates skeletal muscle insulin resistance in diabetic rats via PPAR-γ/NF-κB signaling pathway].,2025,chi,English Abstract; Journal Article,"2025-2026年文献激增，建议核查是否为ahead of print; 语言为中文，与纳入标准""英文-only""矛盾"
41443914,[Effect of electroacupuncture on insulin signaling in the substantia nigra of the midbrain in mice with Parkinson's disease].,2025,chi,English Abstract; Journal Article,"2025-2026年文献激增，建议核查是否为ahead of print; 语言为中文，与纳入标准""英文-only""矛盾"
41438510,Moxibustion combined with chemotherapy inhibits gastric cancer growth by modulating the immunosuppressive microenvironment involving the Treg/IL-10/TGF-β1 axis.,2025,eng,Journal Article,2025-2026年文献激增，建议核查是否为ahead of print
41429546,[Genomic characteristics and drug resistance features of Group A Streptococcus in children from a district in Beijing City from 2012 to 2024].,2025,chi,English Abstract; Journal Article,"2025-2026年文献激增，建议核查是否为ahead of print; 语言为中文，与纳入标准""英文-only""矛盾"
41413920,Effects of Electroacupuncture at ST36 on Visceral Pain and Inflammatory Markers in IBS Rats.,2025,eng,Journal Article,2025-2026年文献激增，建议核查是否为ahead of print
41397725,[Effect of acupuncture on neuronal function in the thalamic reticular nucleus of insomnia rats based on α7-nAChR].,2025,chi,English Abstract; Journal Article,"2025-2026年文献激增，建议核查是否为ahead of print; 语言为中文，与纳入标准""英文-only""矛盾"
41394897,Muscarinic Receptor-Mediated Electroacupuncture Modulation of Reactive Enteric Glial Cells Ameliorates Postoperative Ileus.,2025,eng,Journal Article,2025-2026年文献激增，建议核查是否为ahead of print
41367129,Electroacupuncture Prevents Against AD-Like Phenotypes in APP/PS1 Mice: Investigation of the Mechanisms From Cerebral Microangiopathy.,2025,eng,Journal Article,2025-2026年文献激增，建议核查是否为ahead of print
41362754,Synergistic Effect of Acupuncture and Traditional Chinese Medicine on Cerebral Infarction in Rats: Roles of Short-Chain Fatty Acids and Interleukin-17.,2025,eng,Journal Article,2025-2026年文献激增，建议核查是否为ahead of print
41334362,Mechanotransduction Pathways in Massage Therapy: CB1/Piezo2 Receptor Crosstalk Modulates Myocellular Anti-Inflammatory Responses.,2025,eng,Journal Article,2025-2026年文献激增，建议核查是否为ahead of print
41277766,β-Endorphin Mediates Electroacupuncture-Induced Remyelination via Neural Stem Cell Lineage Modulation in Experimental Autoimmune Encephalomyelitis.,2025,eng,Journal Article,2025-2026年文献激增，建议核查是否为ahead of print
41261026,[Study on the innate immune regulatory mechanism of transcutaneous electrical acupoint stimulation in sleep-deprived rats based on TLR4/MyD88/NF-κB signaling pathway].,2025,chi,English Abstract; Journal Article,"2025-2026年文献激增，建议核查是否为ahead of print; 语言为中文，与纳入标准""英文-only""矛盾"
41236071,Electroacupuncture improves motor function after ischemic stroke via regulating mitochondrial dynamics.,2025,eng,Journal Article,2025-2026年文献激增，建议核查是否为ahead of print
41233833,Electroacupuncture alleviates cognitive impairments in APP/PS1 mice via gastric vagal afferent-mediated activation of the nucleus tractus solitarius‒locus coeruleus noradrenergic circuit.,2025,eng,Journal Article,2025-2026年文献激增，建议核查是否为ahead of print
41189656,Low-frequency electroacupuncture attenuates methamphetamine-induced depressive-like behaviors and cognitive impairment via modulating neuroinflammation.,2025,eng,Journal Article,2025-2026年文献激增，建议核查是否为ahead of print
41116986,[Electroacupuncture improves NLRP3-mediated inflammation and gastric motility in diabetic gastroparesis rats by activating AMPK and regulating mitochondrial homeostasis].,2025,chi,English Abstract; Journal Article,"2025-2026年文献激增，建议核查是否为ahead of print; 语言为中文，与纳入标准""英文-only""矛盾"
41116985,[Effects of heat-reinforcing acupuncture on Drp1/Mff pathway activity and mitochondrial quality in rabbits with cold-dampness rheumatoid arthritis].,2025,chi,English Abstract; Journal Article,"2025-2026年文献激增，建议核查是否为ahead of print; 语言为中文，与纳入标准""英文-only""矛盾"
41100515,Electroacupuncture alleviates pain-like behaviors through modulating DNMT3a/MOR signaling pathway in CCI rats.,2025,eng,Journal Article,2025-2026年文献激增，建议核查是否为ahead of print
41074522,[Effects of acupuncture on podocyte autophagy and the LncRNA SOX2OT/mTORC1/ULK1 pathway in rats with diabetic kidney disease].,2025,chi,English Abstract; Journal Article,"2025-2026年文献激增，建议核查是否为ahead of print; 语言为中文，与纳入标准""英文-only""矛盾"
41062960,Unique genetic diversity of Propionibacterium acnes isolated from human facial skins in Thailand revealed by the multi-locus sequence typing scheme.,2025,eng,Journal Article,2025-2026年文献激增，建议核查是否为ahead of print
41044791,Electroacupuncture ameliorates cognitive dysfunction in T2DM rats by modulating astrocytic polarization and aberrant energy metabolism in the hippocampus via the Wnt/β-catenin pathway.,2025,eng,Journal Article,2025-2026年文献激增，建议核查是否为ahead of print
41015800,Characterization of acupuncture on central amino acid metabolism based on targeted neurotransmitter analysis in mice with inflammatory pain.,2025,eng,Journal Article,2025-2026年文献激增，建议核查是否为ahead of print
41009612,Electroacupuncture Alleviates Neuropathic Pain by Inhibiting Spinal CCL2-Driven Microglial Activation.,2025,eng,Journal Article,2025-2026年文献激增，建议核查是否为ahead of print
40962726,[Effect of moxibustion on the cGAS/STING signaling pathway in synovial tissue of rats with rheumatoid arthritis].,2025,chi,English Abstract; Journal Article,"2025-2026年文献激增，建议核查是否为ahead of print; 语言为中文，与纳入标准""英文-only""矛盾"
40962725,[Effects of acupuncture on the efferocytosis pathway of Mer receptor tyrosine kinase in mice with adjuvant arthritis].,2025,chi,English Abstract; Journal Article,"2025-2026年文献激增，建议核查是否为ahead of print; 语言为中文，与纳入标准""英文-only""矛盾"
40962724,[Mechanism of electroacupuncture in improving obesity with insulin resistance by regulating the balance of Th17 and Treg cells through SIRT1].,2025,chi,English Abstract; Journal Article,"2025-2026年文献激增，建议核查是否为ahead of print; 语言为中文，与纳入标准""英文-only""矛盾"
40962723,[Electroacupuncture improves glucose and lipid metabolism disorders in diabetic obese rats via PI3K/Akt/GLUT4 pathway].,2025,chi,English Abstract; Journal Article,"2025-2026年文献激增，建议核查是否为ahead of print; 语言为中文，与纳入标准""英文-only""矛盾"
40962721,[Electroacupuncture alleviates ferroptosis in lung tissue by regulating Keap1/Nrf2 pathway in asthmatic mice].,2025,chi,English Abstract; Journal Article,"2025-2026年文献激增，建议核查是否为ahead of print; 语言为中文，与纳入标准""英文-only""矛盾"
42022492,Mechanistic Insights into Acupuncture for Chronic Prostatitis/Chronic Pelvic Pain Syndrome via Integrated Network Topology and Bioinformatics Analysis.,2026,eng,Journal Article,2025-2026年文献激增，建议核查是否为ahead of print
42015770,Acupuncture inhibits astrocytic hyperactivationthe p38 mitogen-activated protein kinase/mitogen- and stress-activated protein kinase 1 signaling pathway in cerebral ischemia-reperfusion injury.,2026,eng,Journal Article,2025-2026年文献激增，建议核查是否为ahead of print
42015642,[Effect of Wenyang Huazhuo acupuncture therapy on endometrial receptivity and pregnancy outcomes in patients with repeated implantation failure of spleen and kidney yang deficiency pattern].,2026,chi,Journal Article; Randomized Controlled Trial; English Abstract,"2025-2026年文献激增，建议核查是否为ahead of print; 语言为中文，与纳入标准""英文-only""矛盾"
41999225,GABRB3 Gene Polymorphisms Influences the Analgesic Response to Acupuncture Treatment in Patients With Chronic Knee Pain: A Randomized Controlled Neuroimaging Transcriptomics Study.,2026,eng,Journal Article; Randomized Controlled Trial,2025-2026年文献激增，建议核查是否为ahead of print
41993982,Multi-omics identifies a T2DM-associated immune-regulatory network modulated by electroacupuncture.,2026,eng,Journal Article,2025-2026年文献激增，建议核查是否为ahead of print
41987445,[Effect of electroacupuncture on intestinal mucosal barrier in IBS-D rats via NGF/TrkA pathway mediated by mast cells].,2026,chi,English Abstract; Journal Article,"2025-2026年文献激增，建议核查是否为ahead of print; 语言为中文，与纳入标准""英文-only""矛盾"
41987434,[Clinical efficacy of abdominal acupuncture therapy combined with transcranial direct current stimulation on post-stroke depression and the influence on the levels of autophagy-related proteins].,2026,chi,Journal Article; Randomized Controlled Trial; English Abstract,"2025-2026年文献激增，建议核查是否为ahead of print; 语言为中文，与纳入标准""英文-only""矛盾"
41983036,Transcriptome Changes of ACC in IBS Rats Induced by Electroacupuncture: Exploration of Mechanism and Clinical Significance [Letter].,2026,eng,Letter,2025-2026年文献激增，建议核查是否为ahead of print; Article type为Review/Letter/Commentary，与纳入标准矛盾
41982015,Neuroprotective mechanism of acupuncture against brain injury during delayed thrombolysis for acute ischemic stroke.,2026,eng,Journal Article,2025-2026年文献激增，建议核查是否为ahead of print
41964134,Acupuncture regulates gut microbiota and metabolites in a rat model of chronic migraine.,2026,eng,Journal Article,2025-2026年文献激增，建议核查是否为ahead of print
41932574,Disseminated infection caused by Mycobacterium sherrisii in an HIV-negative patient from China: A case report and literature review.,2026,eng,Journal Article; Review,2025-2026年文献激增，建议核查是否为ahead of print; Article type为Review/Letter/Commentary，与纳入标准矛盾
41884812,Electroacupuncture alleviates functional dyspepsia by modulating the vagus nerve to regulate duodenal microbiota and suppress TWEAK/Fn14/NF-κB and arachidonic acid metabolic pathways.,2026,eng,Journal Article,2025-2026年文献激增，建议核查是否为ahead of print
41880862,Quercetin targets the TNF-a/TNF pathway to activate mitochondrial autophagy to improve nucleus pulposus cell function and delay disc degeneration.,2026,eng,Journal Article,2025-2026年文献激增，建议核查是否为ahead of print
41878080,Impact of Electroacupuncture on the Expression Profile of the Anterior Cingulate Cortex in a Rat Model of Irritable Bowel Syndrome Based on Transcriptome Sequencing and Bioinformatics Analysis.,2026,eng,Journal Article,2025-2026年文献激增，建议核查是否为ahead of print
41876476,Identification of acetylation-related molecular signatures in knee osteoarthritis patients with significant response to warm-needle acupuncture using machine-learning approaches.,2026,eng,Journal Article,2025-2026年文献激增，建议核查是否为ahead of print
41863169,Study on the Mechanism of Mongolian Medical Warm Acupuncture in Regulating Biological Clock Genes and Improving Sleep in Insomniac Rats.,2026,eng,Journal Article,2025-2026年文献激增，建议核查是否为ahead of print
41832738,Transcriptomic Changes Associated with Electroacupuncture in a DMCAO Model of Delayed Cognitive Impairment.,2026,eng,Journal Article,2025-2026年文献激增，建议核查是否为ahead of print
41814749,[Mechanisms of miRNA in osteoarthritis and research advances in traditional Chinese medicine intervention].,2026,chi,Journal Article; Review; English Abstract,"2025-2026年文献激增，建议核查是否为ahead of print; Article type为Review/Letter/Commentary，与纳入标准矛盾; 语言为中文，与纳入标准""英文-only""矛盾"
41809531,Electroacupuncture may improve endometrial receptivity in controlled ovarian hyperstimulation mice by activating AVP neurons.,2026,eng,Journal Article,2025-2026年文献激增，建议核查是否为ahead of print
41809379,Nanocomposite hydrogel acupoint therapy for sustained pregabalin delivery and long-term neuropathic pain relief.,2026,eng,Journal Article,2025-2026年文献激增，建议核查是否为ahead of print
41799812,Olink proteomics identifies FGF-19 as a treatment-responsive inflammatory biomarker associated with acupuncture intervention in young females with mild depression.,2026,eng,Clinical Trial; Journal Article,2025-2026年文献激增，建议核查是否为ahead of print
41788111,Therapeutic and Diagnostic Landscape of Diabetic Neuropathy: A Systematic Review of Clinical Studies.,2026,eng,Journal Article; Review,2025-2026年文献激增，建议核查是否为ahead of print; Article type为Review/Letter/Commentary，与纳入标准矛盾
41780836,Unveiling the impact of electroacupuncture on retinal cells in myopic guinea pigs via single-cell sequencing.,2026,eng,Journal Article,2025-2026年文献激增，建议核查是否为ahead of print
41742703,Assessment of the Therapeutic Efficacy of Acupuncture in Treating Postpartum Urinary Retention: A Comprehensive Approach Integrating Systematic Review and Association Rule Analysis.,2026,eng,Journal Article; Systematic Review,2025-2026年文献激增，建议核查是否为ahead of print; Article type为Review/Letter/Commentary，与纳入标准矛盾
41741990,[Effect of electroacupuncture in regulating miRNA-21-5p/A20 to induce macrophages polarization in primary dysmenorrhea rats].,2026,chi,English Abstract; Journal Article,"2025-2026年文献激增，建议核查是否为ahead of print; 语言为中文，与纳入标准""英文-only""矛盾"
41741984,[Clinical effect of Xuanyang Jieyu Tongluo Zhitong acupuncture on migraine without aura and its influence on serum neurotransmitter levels].,2026,chi,Journal Article; Randomized Controlled Trial; English Abstract,"2025-2026年文献激增，建议核查是否为ahead of print; 语言为中文，与纳入标准""英文-only""矛盾"
41741982,[Clinical efficacy of wrist-ankle acupuncture for postherpetic neuralgia and its effects on serum levels of NaV1.7 and CGRP].,2026,chi,English Abstract; Journal Article,"2025-2026年文献激增，建议核查是否为ahead of print; 语言为中文，与纳入标准""英文-only""矛盾"
41694382,Molecular mechanisms of skeletal muscle fibrosis and potential targeted therapeutic strategies.,2026,eng,Journal Article; Review,2025-2026年文献激增，建议核查是否为ahead of print; Article type为Review/Letter/Commentary，与纳入标准矛盾
41689879,"Bee sting acupuncture mitigates osteoarthritis in male mice via PPAR-γ activation: integrated network pharmacology, transcriptomics, and experimental validation.",2026,eng,Journal Article,2025-2026年文献激增，建议核查是否为ahead of print
41642735,Electroacupuncture-Regulated Bile Acid Metabolism and Farnesoid X Receptor Expression in Constipation-Predominant Irritable Bowel Syndrome Rat: A Preclinical Study.,2026,eng,Journal Article,2025-2026年文献激增，建议核查是否为ahead of print
41587899,Electroacupuncture pretreatment regulates mitophagy in ULK1 knockout mice subjected to cerebral ischemia-reperfusion injury.,2026,eng,Journal Article,2025-2026年文献激增，建议核查是否为ahead of print
41579981,EA mitigates sepsis-induced liver injury by inhibiting the proinflammatory pathways IκBα/NF-κB and NLRP3-mediated pyroptosis.,2026,eng,Journal Article,2025-2026年文献激增，建议核查是否为ahead of print
41572301,The protective effect of maternal electroacupuncture on prenatal nicotine exposure-induced intrauterine growth restriction in rats by improving placental angiogenesis.,2026,eng,Journal Article,2025-2026年文献激增，建议核查是否为ahead of print
41566727,[Exosomes in acupoint area involved in the effect of electroacupuncture on muscle regeneration and repair in rats with multifidus muscle injury].,2026,chi,English Abstract; Journal Article,"2025-2026年文献激增，建议核查是否为ahead of print; 语言为中文，与纳入标准""英文-only""矛盾"
41558718,[Exploring the mechanism of core acupoints of acupuncture treatment for ovarian function decline-related diseases based on complex network technology].,2026,chi,English Abstract; Journal Article,"2025-2026年文献激增，建议核查是否为ahead of print; 语言为中文，与纳入标准""英文-only""矛盾"
41558706,[Effect of Xingnao Kaiqiao acupuncture therapy on ischemic stroke in rats based on Zn2+-mediated TRPA1 channel].,2026,chi,English Abstract; Journal Article,"2025-2026年文献激增，建议核查是否为ahead of print; 语言为中文，与纳入标准""英文-only""矛盾"
41547890,GOLGB1 deficiency accelerates intervertebral disc degeneration by activating the MAPK pathway.,2026,eng,Journal Article,2025-2026年文献激增，建议核查是否为ahead of print
41514473,Electroacupuncture ameliorates incisional pain via suppressing IL-33 signaling-related macrophage infiltration and ROS overproduction in incised skin.,2026,eng,Journal Article,2025-2026年文献激增，建议核查是否为ahead of print
41514462,Acupuncture of polycystic ovary syndrome: delving into bile acid metabolism.,2026,eng,Journal Article,2025-2026年文献激增，建议核查是否为ahead of print
41506005,Acupuncture alleviates premature ovarian insufficiency via Rictor/mTOR pathway in mice by stimulating the Guanyuan acupoint.,2026,eng,Journal Article,2025-2026年文献激增，建议核查是否为ahead of print
41505075,Electroacupuncture Alleviates Pulmonary and Intestinal Injury in Septic Mice via Inhibiting NLRP3 Inflammasome and Remodeling Gut Microbiota.,2026,eng,Journal Article,2025-2026年文献激增，建议核查是否为ahead of print
41456986,Electroacupuncture regulates histone acetylation to improve spatial memory impairment in rats with chronic cerebral hypoperfusion.,2026,eng,Journal Article,2025-2026年文献激增，建议核查是否为ahead of print
41419104,Acupuncture treatment May improve the bone metabolism and pathological ossification by regulating the gut microbiota of AS mice.,2026,eng,Journal Article,2025-2026年文献激增，建议核查是否为ahead of print
41265714,Bridging tradition and innovation: Acupuncture for depression through clinical efficacy and neurobiological insights.,2026,eng,Journal Article; Review,2025-2026年文献激增，建议核查是否为ahead of print; Article type为Review/Letter/Commentary，与纳入标准矛盾
41232708,Effect of electroacupuncture on lncRNAs and mRNAs profiles of ischemic brain injury in middle cerebral artery occlusion rat model.,2026,eng,Journal Article,2025-2026年文献激增，建议核查是否为ahead of print
40444624,Effect of Electroacupuncture on Intestinal Mucosal Barrier in IBS-D Rats: Analysis Based on RNA-seq.,2026,eng,Journal Article,2025-2026年文献激增，建议核查是否为ahead of print
41702149,Electroacupuncture as a promising therapeutic strategy for chronic constriction injury-induced neuropathic pain: Insights into the PPARα/SIRT1/NF-κB axis.,2026,eng,Journal Article,2025-2026年文献激增，建议核查是否为ahead of print
41572812,Electroacupuncture in Combination with Bevacizumab Hydrogel Provides a Therapeutic Strategy for Bladder Cancer.,2026,eng,Journal Article,2025-2026年文献激增，建议核查是否为ahead of print
41987448,[Mechanism of Zhuang medicine heat-sensitive acupuncture in treating rheumatoid arthritis based on metabolomics].,2026,chi,English Abstract; Journal Article,"2025-2026年文献激增，建议核查是否为ahead of print; 语言为中文，与纳入标准""英文-only""矛盾"
41915222,Catgut implantation at acupoints improves anti-PD-1 inhibitor efficacy in lung cancer by inducing immune responses and remodeling the tumor microenvironment.,2026,eng,Journal Article,2025-2026年文献激增，建议核查是否为ahead of print
41836456,Proteomics and Metabolomics-Based Investigation of Local Microenvironmental Changes in Sensitized Acupoint Compared to Non-Sensitized Point Among Patients with Chronic Atrophic Gastritis: A Cross-Sectional Study Protocol.,2026,eng,Journal Article,2025-2026年文献激增，建议核查是否为ahead of print
41196279,Tui Na Acupressure Modulates Treg Immunosuppression via FoxP3/mTORC1 Signalling in ALS Mice.,2026,eng,Journal Article,2025-2026年文献激增，建议核查是否为ahead of print
40768548,GC-MS-Based Metabolomic Profiling of Moxibustion for Obesity Treatment.,2026,eng,Journal Article,2025-2026年文献激增，建议核查是否为ahead of print
42015638,[Study on the mechanism of scalp-acupoint cluster puncture in improving hippocampal synaptic plasticity by regulating the cAMP/PKA/CREB signaling pathway in APP/PS1 mice].,2026,chi,English Abstract; Journal Article,"2025-2026年文献激增，建议核查是否为ahead of print; 语言为中文，与纳入标准""英文-only""矛盾"
42007091,"Acupuncture at ""Baihui"" and ""Xuanli"" attenuates intracerebral hemorrhage-induced brain injury by modulating autophagy and the PI3K/AKT signaling pathway in rats.",2026,eng,Journal Article,2025-2026年文献激增，建议核查是否为ahead of print
41929429,Traditional Chinese Medicine in Cushing's Syndrome: A Narrative Review of Pathophysiology and Potential Therapeutic Effects.,2026,eng,Journal Article; Review,2025-2026年文献激增，建议核查是否为ahead of print; Article type为Review/Letter/Commentary，与纳入标准矛盾
41919060,Interleukin-Mediated Inflammatory Pathways and Nerve Injury in Lumbar Disc Herniation: A Narrative Review.,2026,eng,Journal Article; Review,2025-2026年文献激增，建议核查是否为ahead of print; Article type为Review/Letter/Commentary，与纳入标准矛盾
41883322,Influence of heat-reinforcing Needling on the PPAR-γ/NF-κB signaling pathway in the synovial membrane of rats with rheumatoid arthritis.,2026,eng,Journal Article,2025-2026年文献激增，建议核查是否为ahead of print
41870947,Acupoint catgut embedding ameliorates laparotomy-induced cognitive decline in aged mice by restoring gut microbiota.,2026,eng,Journal Article,2025-2026年文献激增，建议核查是否为ahead of print
41870839,Efficacy and Mechanisms of Duhuo Jisheng Decoction in Treating Intervertebral Disc Degeneration: A Network Pharmacology and Experimental Study.,2026,eng,Journal Article,2025-2026年文献激增，建议核查是否为ahead of print
41843282,Acupuncture modulates actin homeostasis and promotes myelin sheath regeneration in rat models of intracerebral hemorrhage.,2026,eng,Journal Article,2025-2026年文献激增，建议核查是否为ahead of print
41839601,[Protective mechanism of electroacupuncture on gastric mucosa in rats with chronic atrophic gastritis based on PI3K/AKT/mTOR signaling pathway].,2026,chi,English Abstract; Journal Article,"2025-2026年文献激增，建议核查是否为ahead of print; 语言为中文，与纳入标准""英文-only""矛盾"
41811179,Integrating neurotrophic and anti-inflammatory pathways: press-needle acupuncture as a multi-target therapy for adolescent depression.,2026,eng,Journal Article,2025-2026年文献激增，建议核查是否为ahead of print
41801841,Neuregulin1-ErbB4 Signaling Involved in Acupuncture Promoting Myelin Regeneration in Spinal Cord Injury Rats.,2026,eng,"Journal Article; Video-Audio Media; Research Support, Non-U.S. Gov't",2025-2026年文献激增，建议核查是否为ahead of print
41798290,Exosomes Regulate the NLRP3/Caspase-1/IL-1β Signaling Pathway in Parkinson's Disease: Mechanisms of Neuroinflammation Modulation and α-Synuclein Propagation.,2026,eng,Journal Article; Review,2025-2026年文献激增，建议核查是否为ahead of print; Article type为Review/Letter/Commentary，与纳入标准矛盾
41763350,Inhibition of the NF-κB/STAT3 pathway to reduce spinal microglia activation: a mechanism by which manual acupuncture alleviates rheumatoid arthritis.,2026,eng,Journal Article,2025-2026年文献激增，建议核查是否为ahead of print
41724495,Research progress on the role of acupuncture in Alzheimer's disease based on the PI3K/AKT/mTOR signaling pathway.,2026,eng,Journal Article; Review,2025-2026年文献激增，建议核查是否为ahead of print; Article type为Review/Letter/Commentary，与纳入标准矛盾
41717898,Acupuncture for Rheumatoid Arthritis Treatment: Biological Mechanisms of Anti-Inflammation and Analgesia.,2026,eng,Journal Article; Review,2025-2026年文献激增，建议核查是否为ahead of print; Article type为Review/Letter/Commentary，与纳入标准矛盾
41606666,Electroacupuncture ameliorates ulcerative colitis by suppressing ferroptosis via the JAK2/STAT3 signaling pathway.,2026,eng,Journal Article,2025-2026年文献激增，建议核查是否为ahead of print
41592108,"Ziziphus jujuba var. spinosa: a systematic review of phytochemistry, pharmacology, and sustainable resource utilization of its multiple plant parts.",2026,eng,Journal Article; Systematic Review,2025-2026年文献激增，建议核查是否为ahead of print; Article type为Review/Letter/Commentary，与纳入标准矛盾
41575627,UBL4A as a suppressor of intracerebral hemorrhage by binding to MAPK14 and promoting MAPK14 ubiquitination.,2026,eng,Journal Article,2025-2026年文献激增，建议核查是否为ahead of print
41566738,[Electroacupuncture alleviates anxiety-like behavior in PTSD rats via modulating glycolysis/H4K12la/HIF-1α signaling pathway].,2026,chi,English Abstract; Journal Article,"2025-2026年文献激增，建议核查是否为ahead of print; 语言为中文，与纳入标准""英文-only""矛盾"
41566737,[Mechanisms of electroacupuncture at Foot Shaoyang meridian acupoints on inflammatory response in postmenopausal osteoporosis rats based on the PI3K/AKT signaling pathway].,2026,chi,English Abstract; Journal Article,"2025-2026年文献激增，建议核查是否为ahead of print; 语言为中文，与纳入标准""英文-only""矛盾"
41566731,"[Effect of electroacupuncture of ""Neiguan"" (PC6) and ""Shenmen"" (HT7) on cardiac function and neovascularization in rats with chronic heart failure based on Notch signaling pathway].",2026,chi,English Abstract; Journal Article,"2025-2026年文献激增，建议核查是否为ahead of print; 语言为中文，与纳入标准""英文-only""矛盾"
41566730,[Effects of Zhu Lian's type Ⅱ inhibition needling on cerebral angiogenesis in rats with ischemic stroke based on the Ang-1/Tie-2 pathway].,2026,chi,English Abstract; Journal Article,"2025-2026年文献激增，建议核查是否为ahead of print; 语言为中文，与纳入标准""英文-only""矛盾"
41558720,"[Systematic review and mechanistic exploration of ""intelligence three-needling"" in treatment of Alzheimer's disease].",2026,chi,Journal Article; Systematic Review; English Abstract,"2025-2026年文献激增，建议核查是否为ahead of print; Article type为Review/Letter/Commentary，与纳入标准矛盾; 语言为中文，与纳入标准""英文-only""矛盾"
41543815,Acupuncture alleviates postoperative hemorrhoid pain by modulating the P2X7/ERK pathway.,2026,eng,Journal Article,2025-2026年文献激增，建议核查是否为ahead of print
41485624,Mechanisms of Traditional Chinese Medicine in regulating Nrf2-related signaling pathways for the treatment of Oligoasthenozoospermia: A review.,2026,eng,Journal Article; Review,2025-2026年文献激增，建议核查是否为ahead of print; Article type为Review/Letter/Commentary，与纳入标准矛盾
41392738,M2 Macrophage-Derived TGF-β1 Drives Tendon Fibrosis in Rodent Tendinopathy Models.,2026,eng,Journal Article,2025-2026年文献激增，建议核查是否为ahead of print
41320887,Electroacupuncture modulates myocardial insulin signaling and inflammatory markers in a rat model of type 2 diabetes.,2026,eng,Journal Article,2025-2026年文献激增，建议核查是否为ahead of print
41223618,Acupuncture mitigates sciatic neuropathic pain in lumbar disc herniation via inhibiting spinal CXCL12/CXCR4-driven glial activation and neuroinflammation.,2026,eng,Journal Article,2025-2026年文献激增，建议核查是否为ahead of print
41183669,Acupuncture promotes antidepressant effects by enhancing hippocampal neurogenesis via Wnt/β-catenin signaling in a chronic unpredictable mild stress-induced rat depression model.,2026,eng,Journal Article,2025-2026年文献激增，建议核查是否为ahead of print
42031088,Sex-specific effects of chronic electrical acustimulation and sacral nerve stimulation in a rodent model of irritable bowel syndrome.,2026,eng,Journal Article,2025-2026年文献激增，建议核查是否为ahead of print
42029783,Electroacupuncture combined with neural stem cell transplantation promotes neurogenesis and functional recovery and is associated with tsRNA expression changes in a rat model of ischemic stroke.,2026,eng,Journal Article,2025-2026年文献激增，建议核查是否为ahead of print
42015639,[Moxibustion enhances the antitumor efficacy of Trametinib in breast cancer-bearing mice via MEK/ERK signaling pathway].,2026,chi,English Abstract; Journal Article,"2025-2026年文献激增，建议核查是否为ahead of print; 语言为中文，与纳入标准""英文-only""矛盾"
42015636,[Effect of moxibustion on the PINK1/Parkin pathway and mitophagy in rats with rheumatoid arthritis].,2026,chi,English Abstract; Journal Article,"2025-2026年文献激增，建议核查是否为ahead of print; 语言为中文，与纳入标准""英文-only""矛盾"
42013642,Acupuncture inhibits ferroptosis and epithelial-mesenchymal transition to attenuate proteinuria in diabetic kidney disease.,2026,eng,Journal Article,2025-2026年文献激增，建议核查是否为ahead of print
41987446,[Mechanism of electroacupuncture for attenuating duodenal injury in rats with functional dyspepsia via Keap1/Nrf2/GPX4 pathway-mediated ferroptosis].,2026,chi,English Abstract; Journal Article,"2025-2026年文献激增，建议核查是否为ahead of print; 语言为中文，与纳入标准""英文-only""矛盾"
41967209,Electroacupuncture alleviates acute gouty arthritis by inhibiting NLRP3 inflammasome activation via modulation of the circadian-inflammation axis.,2026,eng,Journal Article,2025-2026年文献激增，建议核查是否为ahead of print
41932403,Electroacupuncture mitigates cognitive impairment caused by anesthesia and surgery in aged rats by inhibiting the p38 MAPK signaling pathway.,2026,eng,Journal Article,2025-2026年文献激增，建议核查是否为ahead of print
41930406,Electroacupuncture at ST36 Alleviates Visceral Hypersensitivity by Suppressing Eosinophil-Induced TRPV1 Expression on Duodenum.,2026,eng,Journal Article,2025-2026年文献激增，建议核查是否为ahead of print
41921865,Beneficial effects of electro-acupuncture treatment in photothrombotic ischemia model rats by remodeling neurovascular unit.,2026,eng,Journal Article,2025-2026年文献激增，建议核查是否为ahead of print
41900292,Molecular Epidemiology of Toxigenic Clostridioides difficile Isolated from Bulgarian Patients and the Prevalence of Hypervirulent ST1 Clone.,2026,eng,Journal Article,2025-2026年文献激增，建议核查是否为ahead of print
41884133,From data mining to experimental validation: ST36 and CV12 as core acupoint combination for acupuncture in functional dyspepsia.,2026,eng,Journal Article,2025-2026年文献激增，建议核查是否为ahead of print
41839600,[Effects of electroacupuncture with different waveforms on NLRP3 inflammasome and pyroptosis in the cerebral cortex of rats with cerebral ischemia-reperfusion injury].,2026,chi,English Abstract; Journal Article,"2025-2026年文献激增，建议核查是否为ahead of print; 语言为中文，与纳入标准""英文-only""矛盾"
41839582,"[Effect of different frequencies electroacupuncture at ""Zusanli""(ST36) on visceral sensitivity and adrenocorticotropin releasing factor expression in IBS mice].",2026,chi,English Abstract; Journal Article,"2025-2026年文献激增，建议核查是否为ahead of print; 语言为中文，与纳入标准""英文-only""矛盾"
41826216,Acupuncture alleviates inflammatory pain by regulating microglial polarization through α7nAchR-mediated autophagy.,2026,eng,Journal Article,2025-2026年文献激增，建议核查是否为ahead of print
41789011,Effectiveness of warm acupuncture and moxibustion in the treatment of osteoarthritis: a retrospective study on clinical and molecular outcomes.,2026,eng,Journal Article,2025-2026年文献激增，建议核查是否为ahead of print
41775323,Electroacupuncture relieves joint pain by weakening the enhanced neuronal CXCR2-TRPA1 signaling in peripheral sensory neurons of a mouse model of acute gouty arthritis.,2026,eng,Journal Article,2025-2026年文献激增，建议核查是否为ahead of print
41741989,"[Effect of moxibustion at ""Zusanli"" (ST36) on amino acid metabolism of knee cartilage in KOA rats].",2026,chi,English Abstract; Journal Article,"2025-2026年文献激增，建议核查是否为ahead of print; 语言为中文，与纳入标准""英文-only""矛盾"
41735067,[Effect of warming needle moxibustion on mitochondrial autophagy in rats with chronic fatigue syndrome based on AMPK/ULK1 signaling pathway].,2026,chi,English Abstract; Journal Article,"2025-2026年文献激增，建议核查是否为ahead of print; 语言为中文，与纳入标准""英文-only""矛盾"
41735066,[Effect of Zhuang-medicine medicated thread moxibustion on apoptosis-related protein expression in gastric smooth muscle tissue of diabetic gastroparesis rats based on ATF6/CHOP signaling pathway].,2026,chi,English Abstract; Journal Article,"2025-2026年文献激增，建议核查是否为ahead of print; 语言为中文，与纳入标准""英文-only""矛盾"
41735062,"[Electro-acupuncture at ""Zusanli"" (ST36) alleviates anxiety and pain in mice with chronic inflammatory pain-anxiety comorbidity].",2026,chi,English Abstract; Journal Article,"2025-2026年文献激增，建议核查是否为ahead of print; 语言为中文，与纳入标准""英文-only""矛盾"
41710699,Electroacupuncture and Moxibustion Regulate Aerobic Glycolysis and Alleviate Tumor Progression in Mice with Hepatocellular Carcinoma.,2026,eng,Journal Article,2025-2026年文献激增，建议核查是否为ahead of print
41696103,Electroacupuncture protects gastric Cajal cells by reducing macrophage pyroptosis in diabetic gastroparesis.,2026,eng,Journal Article,2025-2026年文献激增，建议核查是否为ahead of print
41656233,Effects of electroacupuncture at Zusanli on pain-perception-related brain nuclei in KOA mice: a study on cortical and subcortical c-fos expression.,2026,eng,Journal Article,2025-2026年文献激增，建议核查是否为ahead of print
41571311,Electroacupuncture Attenuates Neuroinflammation and Postoperative Cognitive Dysfunction in Aged Rats by Suppressing the cGAS-STING Pathway.,2026,eng,Journal Article,2025-2026年文献激增，建议核查是否为ahead of print
41566733,[Effects of electroacupuncture on autophagy of the synovial tissue in the knee joint of rats with knee osteoarthritis by regulating PI3K/Akt/mTOR pathway].,2026,chi,English Abstract; Journal Article,"2025-2026年文献激增，建议核查是否为ahead of print; 语言为中文，与纳入标准""英文-only""矛盾"
41530867,Electroacupuncture to point Baihui confers anxiolytic effects by promoting oxytocin release from PVN in Mice.,2026,eng,Journal Article,2025-2026年文献激增，建议核查是否为ahead of print
41482875,Electroacupuncture at Zusanli (ST36) alleviates paclitaxel-induced neuropathic pain in rats via regulating TLR4 signaling pathway in the spinal cord.,2026,eng,Journal Article,2025-2026年文献激增，建议核查是否为ahead of print
41211649,Electroacupuncture Alleviates Brain Injury Through Vagus Nerve Activation and Gut Microbiota in a Rat Model of Ischemic Stroke.,2026,eng,Journal Article,2025-2026年文献激增，建议核查是否为ahead of print
